变量名,分箱区间,WOE,beta系数,bin_score
limit_bin_final,≤30000,0.7216695870503699,0.30080424547365514,15.66
limit_bin_final,30000~70000,0.2825299760027153,0.30080424547365514,6.13
limit_bin_final,70000~100000,0.108798304864642,0.30080424547365514,2.36
limit_bin_final,100000~140000,0.0780179281056017,0.30080424547365514,1.69
limit_bin_final,140000~180000,-0.3165701785216167,0.30080424547365514,-6.87
limit_bin_final,180000~270000,-0.3262174473758908,0.30080424547365514,-7.08
limit_bin_final,270000~360000,-0.5270391170770583,0.30080424547365514,-11.44
limit_bin_final,>360000,-0.7732658541143078,0.30080424547365514,-16.78
EDUCATION,1,-0.1608347351820821,0.35398679110354253,-4.11
EDUCATION,2,0.08335624204410938,0.35398679110354253,2.13
EDUCATION,3,0.16492964720850944,0.35398679110354253,4.21
EDUCATION,4,-1.2645209158672608,0.35398679110354253,-32.29
PAY1_bin,正常(≤0),-0.5818726210905422,0.7524012871527134,-31.58
PAY1_bin,逾期1个月,0.604824789890841,0.7524012871527134,32.83
PAY1_bin,逾期2个月,2.0795917648995212,0.7524012871527134,112.87
PAY1_bin,逾期3个月以上,2.1834666292976594,0.7524012871527134,118.51
PAY3_bin,正常(≤0),-0.31790087752449975,0.22540744189924738,-5.17
PAY3_bin,逾期1个月,0.8526609537954223,0.22540744189924738,13.86
PAY3_bin,逾期2个月,1.3318475606225462,0.22540744189924738,21.66
PAY3_bin,逾期3个月以上,1.6452420313435543,0.22540744189924738,26.75
PAY5_bin,正常(≤0),-0.232167196576658,0.24303957461349487,-4.07
PAY5_bin,逾期2个月,1.4750774778716578,0.24303957461349487,25.86
PAY5_bin,逾期3个月以上,1.771375827063702,0.24303957461349487,31.06
PAY6_bin,正常(≤0),-0.2198720513733292,0.21196872592807664,-3.36
PAY6_bin,逾期2个月,1.3061750972854878,0.21196872592807664,19.97
PAY6_bin,逾期3个月以上,1.938004214990977,0.21196872592807664,29.63
pay1_bins,"(-0.001, 316.0]",0.6018196327393408,0.29287618170999463,12.71
pay1_bins,"(316.0, 1724.0]",0.03931957949024651,0.29287618170999463,0.83
pay1_bins,"(1724.0, 3000.0]",0.01048063657348014,0.29287618170999463,0.22
pay1_bins,"(3000.0, 6192.2]",-0.2680841919197134,0.29287618170999463,-5.66
pay1_bins,"(6192.2, 873552.0]",-0.5870361366456897,0.29287618170999463,-12.4
pay2_bins,"(-0.001, 268.8]",0.5301894343526345,0.23530699625745083,9.0
pay2_bins,"(268.8, 1600.0]",0.11195758401264234,0.23530699625745083,1.9
pay2_bins,"(1600.0, 3000.0]",-0.03489757131260734,0.23530699625745083,-0.59
pay2_bins,"(3000.0, 6000.0]",-0.19165323295873227,0.23530699625745083,-3.25
pay2_bins,"(6000.0, 1684259.0]",-0.6242086266235131,0.23530699625745083,-10.6
pay3_bins,"(-0.001, 2.8]",0.5125890336803373,0.3916204411212854,14.48
pay3_bins,"(2.8, 1206.0]",0.04902726468830735,0.3916204411212854,1.38
pay3_bins,"(1206.0, 2500.0]",0.031061125044631006,0.3916204411212854,0.88
pay3_bins,"(2500.0, 5284.0]",-0.22736310339119742,0.3916204411212854,-6.42
pay3_bins,"(5284.0, 896040.0]",-0.5313131295863677,0.3916204411212854,-15.01
util_bins,低使用率(≤0.2),-0.2537530273367566,0.35485997451512746,-6.5
util_bins,中使用率(0.2~0.5),-0.012153446050288052,0.35485997451512746,-0.31
util_bins,偏高使用率(0.5~0.8),0.2010451655759674,0.35485997451512746,5.15
util_bins,高使用率(>0.8),0.26159789934875644,0.35485997451512746,6.7
