变量名,分箱区间,bad,total,good,bad_pct,good_pct,WOE
limit_bin_final,≤30000,1463,4081,2618,0.22034918723660446,0.11205716241656684,0.6762043829546871
limit_bin_final,30000~70000,1420,5151,3731,0.21387718242022877,0.15967824747561185,0.2922410990710082
limit_bin_final,70000~100000,801,3266,2465,0.12071041541240217,0.1055108677049461,0.13458045708336702
limit_bin_final,100000~140000,638,2792,2154,0.09617700180614087,0.09220434708197843,0.04218298478082879
limit_bin_final,140000~180000,578,3331,2753,0.08714629741119807,0.11783330480917337,-0.3016826687744627
limit_bin_final,180000~270000,914,5421,4507,0.13771824202287777,0.19288036967311312,-0.33686027694300347
limit_bin_final,270000~360000,528,3482,2954,0.0796207104154124,0.12643333903816534,-0.4624409650407572
limit_bin_final,>360000,294,2476,2182,0.04440096327513546,0.09340236180044498,-0.743655467268982
SEX,1,2873,11888,9015,0.43296173546248873,0.38585979628520073,0.11517527191653178
SEX,2,3763,18112,14349,0.5670382645375113,0.6141402037147993,-0.07979645948532314
EDUCATION,1,2036,10585,8549,0.30677710843373496,0.3658849709003766,-0.1761975441069026
EDUCATION,2,3330,14030,10700,0.501656626506024,0.4579339267374187,0.09119096576377571
EDUCATION,3,1237,4917,3680,0.18644578313253013,0.15752310852447793,0.16856832146261755
EDUCATION,4,33,468,435,0.0051204819277108436,0.018657993837726806,-1.2930261171357755
MARRIAGE,1,3206,13659,10453,0.4830546769091731,0.44738306158257374,0.07671466128918668
MARRIAGE,2,3341,15964,12623,0.5033890646181653,0.540249069200154,-0.07066691306141766
MARRIAGE,3,89,377,288,0.013556258472661545,0.012367869217272221,0.09174640308673172
age_bins,"(20.999, 25.0]",1032,3871,2839,0.1554318386999699,0.1215025241721571,0.24627226154294957
age_bins,"(25.0, 27.0]",566,2733,2167,0.08531447487210352,0.09275263112860443,-0.08359193525322209
age_bins,"(27.0, 29.0]",599,3014,2415,0.09027986758952754,0.10336271070420125,-0.13532978025999642
age_bins,"(29.0, 31.0]",503,2612,2109,0.07583508877520313,0.09027124155044067,-0.1742578348201809
age_bins,"(31.0, 34.0]",671,3466,2795,0.10111345170027083,0.11962009069906734,-0.16807763925198865
age_bins,"(34.0, 37.0]",709,3262,2553,0.10683117664760758,0.10926670659707367,-0.022541942978560783
age_bins,"(37.0, 40.0]",580,2768,2188,0.08742100511585917,0.09365106528621546,-0.06884021709238906
age_bins,"(40.0, 43.0]",520,2288,1768,0.07839301835690642,0.07568238213399504,0.035189471172144424
age_bins,"(43.0, 49.0]",778,3306,2528,0.11721336142040326,0.10819714212372722,0.08004092277934581
age_bins,"(49.0, 79.0]",678,2680,2002,0.10216671682214866,0.08569350560451784,0.1758289154714405
PAY1_bin,正常(≤0),3207,23182,19975,0.4831325301204819,0.8548442314275932,-0.5706282613761067
PAY1_bin,逾期1个月,1252,3688,2436,0.18870481927710844,0.10428791509756932,0.5930285028679595
PAY1_bin,逾期2个月,1844,2667,823,0.27786144578313254,0.03526189661074974,2.064319628162253
PAY1_bin,逾期3个月以上,333,463,130,0.05030120481927711,0.005605956864087641,2.194199271372646
PAY2_bin,正常(≤0),4160,25562,21402,0.626656626506024,0.9159106470386854,-0.37952006752052475
PAY2_bin,逾期1个月,5,28,23,0.0009036144578313253,0.0010270455323519343,-0.12803875952279334
PAY2_bin,逾期2个月,2184,3927,1743,0.32906626506024095,0.07463197535090722,1.4836901046578628
PAY2_bin,逾期3个月以上,287,483,196,0.043373493975903614,0.00843033207805546,1.6380123529950548
PAY3_bin,正常(≤0),4434,25787,21353,0.6679216867469879,0.9138137624101336,-0.3134558583974706
PAY3_bin,逾期1个月,1,4,3,0.00030120481927710846,0.00017117425539198904,0.5651084210371522
PAY3_bin,逾期2个月,1969,3819,1850,0.29668674698795183,0.07921088668264294,1.320563110755634
PAY3_bin,逾期3个月以上,232,390,158,0.03509036144578313,0.006804176651831565,1.6403898529425665
PAY4_bin,正常(≤0),4757,26490,21733,0.716566265060241,0.9300753166723724,-0.26079484116279644
PAY4_bin,逾期1个月,1,2,1,0.00030120481927710846,8.558712769599452e-05,1.2582556015970976
PAY4_bin,逾期2个月,1653,3159,1506,0.24909638554216867,0.06448990071893188,1.3513312785542384
PAY4_bin,逾期3个月以上,225,349,124,0.034036144578313256,0.005349195480999658,1.850476863567082
PAY5_bin,正常(≤0),4987,27032,22045,0.751317969573731,0.9434672829203578,-0.22773273085443477
PAY5_bin,逾期2个月,1423,2626,1203,0.2144901340563338,0.05152565583943168,1.4261838869720536
PAY5_bin,逾期3个月以上,226,342,116,0.034191896369935235,0.005007061240210553,1.9211395035525456
PAY6_bin,正常(≤0),5025,26921,21896,0.757041723151077,0.9370907690332521,-0.21336178114730567
PAY6_bin,逾期2个月,1401,2766,1365,0.21117638198523875,0.0584585098643386,1.284376448332699
PAY6_bin,逾期3个月以上,210,313,103,0.03178189486368429,0.004450721102409381,1.9658306552035927
bill1_bins,"(-165580.001, 1892.8]",1398,6000,4602,0.21066104502333985,0.19697034532928237,0.06719723402333255
bill1_bins,"(1892.8, 13469.2]",1281,6000,4719,0.19304321638307484,0.20197697804784115,-0.0452396379238929
bill1_bins,"(13469.2, 37045.2]",1487,6000,4513,0.22406264116849872,0.19316188112456673,0.148397061190649
bill1_bins,"(37045.2, 83421.2]",1286,6000,4714,0.19379611504291522,0.20176301938465488,-0.04028718429633845
bill1_bins,"(83421.2, 964511.0]",1184,6000,4816,0.17843698238217137,0.20612777611365485,-0.14426074988589638
bill2_bins,"(-69777.001, 1472.8]",1367,6000,4633,0.20599307333232947,0.19829688904103726,0.03807719636526704
bill2_bins,"(1472.8, 12799.6]",1255,6000,4745,0.18912814335190484,0.20308956309640977,-0.07122228679247206
bill2_bins,"(12799.6, 34773.8]",1510,6000,4490,0.22752597500376448,0.1921776712739099,0.16884409236009426
bill2_bins,"(34773.8, 80292.2]",1299,6000,4701,0.19575365155850022,0.20120672686037058,-0.027475882475293957
bill2_bins,"(80292.2, 983931.0]",1205,6000,4795,0.18159915675350097,0.2052291497282725,-0.12232533568518138
bill3_bins,"(-157264.001, 1187.8]",1371,6000,4629,0.20659539226020177,0.19812572211048826,0.04186046438064349
bill3_bins,"(1187.8, 12197.2]",1234,6000,4766,0.1859659689805752,0.20398818948179212,-0.09249840296765538
bill3_bins,"(12197.2, 31401.0]",1481,6001,4520,0.22315916277669026,0.1934614232530275,0.1428071217365199
bill3_bins,"(31401.0, 76777.4]",1350,5999,4649,0.20343321788887217,0.19898155676323334,0.02212564255388969
bill3_bins,"(76777.4, 1664089.0]",1200,6000,4800,0.1808462580936606,0.20544310839145877,-0.1275218832758641
bill4_bins,"(-170000.001, 988.0]",1395,6001,4606,0.21020930582743563,0.1971415122598314,0.06418192156149372
bill4_bins,"(988.0, 11145.0]",1183,6000,4817,0.1782864026502033,0.2061705678462921,-0.1453125645557728
bill4_bins,"(11145.0, 28604.4]",1464,5999,4535,0.22059930733323294,0.19410329924258632,0.12795747921867248
bill4_bins,"(28604.4, 70579.0]",1362,6001,4639,0.2052401746724891,0.1985536394368608,0.03312158965132454
bill4_bins,"(70579.0, 891586.0]",1232,5999,4767,0.18566480951663905,0.20403098121442936,-0.09432890240574858
bill5_bins,"(-81334.001, 763.0]",1407,6001,4594,0.21201626261105255,0.19662801146818434,0.07534930510329303
bill5_bins,"(763.0, 9809.2]",1155,5999,4844,0.17407017015509713,0.20732594462749795,-0.174833671917451
bill5_bins,"(9809.2, 26690.4]",1460,6000,4540,0.21999698840536064,0.19431725790577262,0.12412168382784108
bill5_bins,"(26690.4, 65823.0]",1383,6000,4617,0.2084023490438187,0.1976122213188412,0.05316394943826699
bill5_bins,"(65823.0, 927171.0]",1231,6000,4769,0.18551422978467097,0.20411656467970388,-0.09555963661382909
bill6_bins,"(-339603.001, 476.0]",1386,6009,4623,0.20885408823972293,0.19786897171466472,0.054030813137710944
bill6_bins,"(476.0, 8770.2]",1131,5991,4860,0.1704562565878633,0.20801061234969404,-0.19911039510723438
bill6_bins,"(8770.2, 25508.4]",1465,6000,4535,0.22074988706520102,0.19410329924258632,0.12863984021410163
bill6_bins,"(25508.4, 63150.6]",1398,6000,4602,0.21066104502333985,0.19697034532928237,0.06719723402333255
bill6_bins,"(63150.6, 961664.0]",1256,6000,4744,0.18927872308387292,0.20304677136377253,-0.07021569927868807
pay1_bins,"(-0.001, 316.0]",2054,6002,3948,0.3094413491943984,0.16898455218451794,0.6049612688187783
pay1_bins,"(316.0, 1724.0]",1363,6001,4638,0.20539075440445717,0.19851084770422353,0.034070536826756696
pay1_bins,"(1724.0, 3000.0]",1332,6113,4781,0.20072278271344676,0.20463006547135093,-0.01927902466446858
pay1_bins,"(3000.0, 6192.2]",1072,5884,4812,0.1615720524017467,0.20595660918310582,-0.24271432349731822
pay1_bins,"(6192.2, 873552.0]",815,6000,5185,0.12287306128595091,0.22191792545680175,-0.5911558079594099
pay2_bins,"(-0.001, 268.8]",1960,6000,4040,0.29528685438939917,0.17292139158714537,0.5351101642929653
pay2_bins,"(268.8, 1600.0]",1469,6108,4639,0.22135220599307334,0.1985536394368608,0.10869583772757395
pay2_bins,"(1600.0, 3000.0]",1377,6440,5063,0.20749887065201025,0.2166973340750567,-0.04337570907531535
pay2_bins,"(3000.0, 6000.0]",1049,5514,4465,0.15810871856648095,0.1911078779579785,-0.1895551860734413
pay2_bins,"(6000.0, 1684259.0]",781,5938,5157,0.11775335039903628,0.22071975694295862,-0.6283016427208862
pay3_bins,"(-0.001, 2.8]",1939,6000,4061,0.29212468001806957,0.17382001797252772,0.5191603130921366
pay3_bins,"(2.8, 1206.0]",1369,6001,4632,0.20629423279626563,0.19825409730840002,0.03975393658061512
pay3_bins,"(1206.0, 2500.0]",1396,6213,4817,0.21035988555940371,0.2061705678462921,0.020115979257237904
pay3_bins,"(2500.0, 5284.0]",1057,5786,4729,0.15931335642222558,0.2024048953742137,-0.23939706589264098
pay3_bins,"(5284.0, 896040.0]",875,6000,5125,0.13190784520403553,0.21935042149856648,-0.5085670128125322
pay4_bins,"(-0.001, 1000.0]",3458,12782,9324,0.520933734939759,0.3990499828825745,0.26653616602224967
pay4_bins,"(1000.0, 2100.0]",1184,5226,4042,0.17846385542168675,0.17301437863745292,0.03101138552555805
pay4_bins,"(2100.0, 5000.0]",1121,6192,5071,0.16897590361445783,0.21704895583704212,-0.2503668084373229
pay4_bins,"(5000.0, 621000.0]",873,5800,4927,0.1316265060240964,0.2108866826429305,-0.4713525279607228
pay5_bins,"(-0.001, 1000.0]",3373,12710,9337,0.5081325301204819,0.39960629921259844,0.24026248917212856
pay5_bins,"(1000.0, 2123.4]",1203,5290,4087,0.18132530120481927,0.1749400890106128,0.03584909558232335
pay5_bins,"(2123.4, 5000.0]",1174,6193,5019,0.1769578313253012,0.21482369051694625,-0.19390618451041813
pay5_bins,"(5000.0, 426529.0]",886,5807,4921,0.1335843373493976,0.2106299212598425,-0.45536964704432425
pay6_bins,"(-0.001, 1000.0]",3472,13024,9552,0.5230421686746988,0.4088069154399178,0.24641913407116298
pay6_bins,"(1000.0, 2100.0]",1162,5037,3875,0.17515060240963856,0.16586785347483737,0.05445478110510497
pay6_bins,"(2100.0, 5000.0]",1176,6220,5044,0.1772590361445783,0.21589352961314617,-0.19717322393033523
pay6_bins,"(5000.0, 528666.0]",826,5719,4893,0.12454819277108434,0.2094317014720986,-0.5197049473818284
util_bins,低使用率(≤0.2),2425,13255,10830,0.3653614457831325,0.4634970900376583,-0.2379129807346443
util_bins,中使用率(0.2~0.5),921,4371,3450,0.138855421686747,0.14768058883943855,-0.061618497944312185
util_bins,偏高使用率(0.5~0.8),1157,4394,3237,0.17439759036144578,0.13856555973981513,0.2299941254924575
util_bins,高使用率(>0.8),2133,7980,5847,0.3213855421686747,0.250256761383088,0.2501540320291816
delay_cnt_bins,"(-0.001, 1.0]",3654,24357,20703,0.5505347190841994,0.8860358625411906,-0.47586740424784957
delay_cnt_bins,"(1.0, 3.0]",1323,3053,1730,0.1994276246422654,0.07407882911798691,0.9903216021896432
delay_cnt_bins,"(3.0, 6.0]",1659,2590,931,0.2500376562735352,0.039885308340822524,1.8356034875338967
pay_ratio1_bins,0（完全不还款）,1933,5553,3620,0.2912650602409639,0.1549554946935981,0.6310957678446958
pay_ratio1_bins,"(0,0.2] 少量还款",3365,16183,12818,0.5069277108433735,0.5485706949674769,-0.0789477479642859
pay_ratio1_bins,"(0.2,0.5] 部分还款",431,2301,1870,0.06506024096385542,0.08006675795960287,-0.20754713643288197
pay_ratio1_bins,≥0.5 大额/全额还款(含溢缴款),907,5963,5056,0.13674698795180723,0.21640705237932215,-0.45902872088159236
